CREATE DATABASE  IF NOT EXISTS `gveterinaria` /*!40100 DEFAULT CHARACTER SET utf8mb4 COLLATE utf8mb4_0900_ai_ci */ /*!80016 DEFAULT ENCRYPTION='N' */;
USE `gveterinaria`;
-- MySQL dump 10.13  Distrib 8.0.28, for Win64 (x86_64)
--
-- Host: localhost    Database: gveterinaria
-- ------------------------------------------------------
-- Server version	8.0.28

/*!40101 SET @OLD_CHARACTER_SET_CLIENT=@@CHARACTER_SET_CLIENT */;
/*!40101 SET @OLD_CHARACTER_SET_RESULTS=@@CHARACTER_SET_RESULTS */;
/*!40101 SET @OLD_COLLATION_CONNECTION=@@COLLATION_CONNECTION */;
/*!50503 SET NAMES utf8 */;
/*!40103 SET @OLD_TIME_ZONE=@@TIME_ZONE */;
/*!40103 SET TIME_ZONE='+00:00' */;
/*!40014 SET @OLD_UNIQUE_CHECKS=@@UNIQUE_CHECKS, UNIQUE_CHECKS=0 */;
/*!40014 SET @OLD_FOREIGN_KEY_CHECKS=@@FOREIGN_KEY_CHECKS, FOREIGN_KEY_CHECKS=0 */;
/*!40101 SET @OLD_SQL_MODE=@@SQL_MODE, SQL_MODE='NO_AUTO_VALUE_ON_ZERO' */;
/*!40111 SET @OLD_SQL_NOTES=@@SQL_NOTES, SQL_NOTES=0 */;

--
-- Table structure for table `ciudad`
--

DROP TABLE IF EXISTS `ciudad`;
/*!40101 SET @saved_cs_client     = @@character_set_client */;
/*!50503 SET character_set_client = utf8mb4 */;
CREATE TABLE `ciudad` (
  `codigo` varchar(100) NOT NULL,
  `Ciudad` varchar(200) NOT NULL,
  `codigoDto` varchar(100) NOT NULL,
  `Departamento` varchar(150) NOT NULL,
  PRIMARY KEY (`codigo`)
) ENGINE=InnoDB DEFAULT CHARSET=utf8mb4 COLLATE=utf8mb4_0900_ai_ci;
/*!40101 SET character_set_client = @saved_cs_client */;

--
-- Dumping data for table `ciudad`
--

LOCK TABLES `ciudad` WRITE;
/*!40000 ALTER TABLE `ciudad` DISABLE KEYS */;
INSERT INTO `ciudad` VALUES ('11001','Bogota D.C.','11','Bogota D.C. '),('2506','Villavicencio','07','Meta'),('2554','Sibate','05','Cundinamarca'),('25754','Soacha','25','Cundinamarca'),('5001','Medellin','5','Antioquia');
/*!40000 ALTER TABLE `ciudad` ENABLE KEYS */;
UNLOCK TABLES;

--
-- Table structure for table `clientes`
--

DROP TABLE IF EXISTS `clientes`;
/*!40101 SET @saved_cs_client     = @@character_set_client */;
/*!50503 SET character_set_client = utf8mb4 */;
CREATE TABLE `clientes` (
  `documento` int NOT NULL,
  `tipodocumento` int DEFAULT NULL,
  `nombre` varchar(450) DEFAULT NULL,
  `celular` double DEFAULT NULL,
  `direccion` varchar(450) DEFAULT NULL,
  `ciudad` varchar(100) DEFAULT NULL,
  `email` varchar(300) DEFAULT NULL,
  `createdAt` datetime DEFAULT NULL,
  `updatedAt` datetime DEFAULT NULL,
  PRIMARY KEY (`documento`)
) ENGINE=InnoDB DEFAULT CHARSET=utf8mb4 COLLATE=utf8mb4_0900_ai_ci;
/*!40101 SET character_set_client = @saved_cs_client */;

--
-- Dumping data for table `clientes`
--

LOCK TABLES `clientes` WRITE;
/*!40000 ALTER TABLE `clientes` DISABLE KEYS */;
INSERT INTO `clientes` VALUES (802108,1,'Andres',32093444,'Carrera 10','11001','fandre9@gma.com',NULL,NULL),(56351455,1,'ITHfyua RftjEch',130155997,'j9EZJl1KfEXNHiFrAifE','2506','vcfK8Zs@hotmail.com','2022-04-12 08:45:44','2022-04-12 08:45:44'),(155029601,1,'uESY2VJ aXvJbLY',268832506,'Ww6Akbga97dCdOraSpRf','5001','XlEPDGp@outlook.com','2022-04-12 08:45:44','2022-04-12 08:45:44'),(184003822,1,'bYbPjTD rCWEP7T',488595674,'boHH5IQ4MziynkxB1htD','2506','cH7sBCm@outlook.com','2022-04-12 08:45:44','2022-04-12 08:45:44'),(222377127,1,'W4bHLYL mksoB41',821527184,'cCktPFq5rx8XfdVHC0L6','11001','vuhK089@outlook.com','2022-04-12 08:45:44','2022-04-12 08:45:44'),(237781657,1,'SI2Zm36 aWgHoWz',173219929,'gQbzCyVUwBWvMoXd6xjt','2506','6NlqLuO@gmail.com','2022-04-12 08:45:44','2022-04-12 08:45:44'),(245984322,1,'k2aoSQX wx2dNdx',105797140,'60TcrA6ruKYbtrS1F5o8','5001','ssndU5j@outlook.com','2022-04-12 08:45:44','2022-04-12 08:45:44'),(282624156,1,'tEEqnhp 1w2Go1Q',1109006852,'LKnXHUwmWuK3TK5u3VCi','25754','shE2lqA@outlook.com','2022-04-12 08:45:44','2022-04-12 08:45:44'),(402662222,1,'i1W4oC5 ow5Z7Hr',181282856,'qmmpjIyj7Wr1L3pFyxic','11001','BD9OGDP@gmail.com','2022-04-12 08:45:44','2022-04-12 08:45:44'),(443775301,1,'BP0dAMh NxlXv7G',395457441,'uQNu3HN9ApezL92BS8EN','5001','X6If6fF@outlook.com','2022-04-12 08:45:44','2022-04-12 08:45:44'),(537773283,1,'Zj0TbJI PXRMDy5',583186113,'vpESFPlEG6P8s2brh5FL','2506','vyy6MkZ@hotmail.com','2022-04-12 08:45:44','2022-04-12 08:45:44'),(657948574,1,'glaZz2g GptRTdo',982710154,'TLSDepveH2SaIT7te5Q1','11001','Tr1KIr2@hotmail.com','2022-04-12 08:45:44','2022-04-12 08:45:44'),(709992902,1,'tC9d2Bo bmr9FnO',633218561,'rr5zvgXHLXWXO4De5069','2554','Of3qza2@gmail.com','2022-04-12 08:45:44','2022-04-12 08:45:44'),(742183751,1,'aYM3lEE Kj0Mcz9',660987124,'oCPsroFyL7vtLEk9KicY','25754','63bVsJe@hotmail.com','2022-04-12 08:45:44','2022-04-12 08:45:44'),(752091406,1,'lXmDybD NfdOUF1',1090585683,'ixM776REkX60mz8IE85h','2506','Itm5BfS@gmail.com','2022-04-12 08:45:44','2022-04-12 08:45:44'),(770175384,1,'MTDuWFJ SSvOS14',1051996784,'j7hNiUofsor8xBx44fAH','2554','MZKXVhI@gmail.com','2022-04-12 08:45:44','2022-04-12 08:45:44'),(963804023,1,'IvbLmyn IbVxRUi',480779371,'yJNNAt8OegnSioazwvJQ','25754','qABLWR0@outlook.com','2022-04-12 08:45:44','2022-04-12 08:45:44'),(1020120987,2,'Miname isany',3203203201,'carrera 10 # 21 06','11001','mimail@mail.com',NULL,NULL),(1028643183,1,'3BJ4atd dH4QT9C',644311426,'RaMcz8UIsxyXq4dhWIjH','2554','qjIgj2A@hotmail.com','2022-04-12 08:45:44','2022-04-12 08:45:44'),(1052471683,1,'rXLlYQc 3pTfEc1',279895984,'t7nBrPfMsV6PYCQREVIM','11001','WxriMww@hotmail.com','2022-04-12 08:45:44','2022-04-12 08:45:44'),(1093391493,1,'rGDnePH lpzPovd',1088230910,'vmS3M3JVvGd8Odm6X138','11001','2DZ5p5N@outlook.com','2022-04-12 08:45:44','2022-04-12 08:45:44'),(1110012838,1,'1FBbNzJ xZliDR3',95594291,'zccuDPM81vI2ZuJaVLBh','5001','8cRe6vV@hotmail.com','2022-04-12 08:45:44','2022-04-12 08:45:44'),(1203456712,1,'Iam anyperson',3203203202,'carrera 10 # 21 06 t 18 apto 300','25754','mimail@mail.com',NULL,NULL);
/*!40000 ALTER TABLE `clientes` ENABLE KEYS */;
UNLOCK TABLES;

--
-- Table structure for table `detallepedidos`
--

DROP TABLE IF EXISTS `detallepedidos`;
/*!40101 SET @saved_cs_client     = @@character_set_client */;
/*!50503 SET character_set_client = utf8mb4 */;
CREATE TABLE `detallepedidos` (
  `iddetallePedido` int NOT NULL AUTO_INCREMENT,
  `producto` int NOT NULL,
  `cantidad` int NOT NULL,
  `precio` double NOT NULL,
  `impuesto` double NOT NULL,
  `cliente` int NOT NULL,
  `ciudad` varchar(100) NOT NULL,
  `pedido` int NOT NULL,
  `tipoProducto` varchar(2) NOT NULL,
  `anio` int NOT NULL,
  `mes` int NOT NULL,
  `dia` int NOT NULL,
  `descuento` double NOT NULL,
  `createdAt` datetime DEFAULT NULL,
  `updatedAt` datetime DEFAULT NULL,
  PRIMARY KEY (`iddetallePedido`)
) ENGINE=InnoDB AUTO_INCREMENT=346 DEFAULT CHARSET=utf8mb4 COLLATE=utf8mb4_0900_ai_ci;
/*!40101 SET character_set_client = @saved_cs_client */;

--
-- Dumping data for table `detallepedidos`
--

LOCK TABLES `detallepedidos` WRITE;
/*!40000 ALTER TABLE `detallepedidos` DISABLE KEYS */;
INSERT INTO `detallepedidos` VALUES (3,2,1,3560,0.19,80210,'11001',3,'P',2022,3,20,0,NULL,NULL),(5,2,1,15000,19,802108,'25754',40,'P',2022,2,8,0,'2022-04-10 20:39:28','2022-04-10 20:39:28'),(6,2,1,25000,19,802108,'25754',40,'S',2022,2,8,0,'2022-04-10 20:39:28','2022-04-10 20:39:28'),(7,5,1,8000,19,1020120987,'11001',43,'P',2022,2,10,0,'2022-04-10 21:16:46','2022-04-10 21:16:46'),(10,5,1,8000,19,802108,'11001',45,'P',2022,7,25,0,'2022-04-10 22:43:01','2022-04-10 22:43:01'),(11,2,1,25000,19,802108,'11001',45,'S',2022,7,25,0,'2022-04-10 22:43:01','2022-04-10 22:43:01'),(12,2,1,15000,19,802108,'11001',45,'P',2022,6,25,0,'2022-04-10 22:45:57','2022-04-10 22:45:57'),(13,2,1,15000,19,802108,'11001',46,'P',2022,4,11,0,'2022-04-10 22:50:52','2022-04-10 22:50:52'),(14,5,1,8000,19,802108,'11001',46,'P',2022,3,11,0,'2022-04-10 22:52:17','2022-04-10 22:52:17'),(15,2,10,15000,19,1020120987,'11001',48,'P',2022,3,14,0,'2022-04-10 22:53:20','2022-04-11 07:39:19'),(16,2,4,15000,19,802108,'11001',47,'P',2022,3,14,0,'2022-04-10 23:46:58','2022-04-10 23:46:58'),(17,3,1,12000,10,802108,'11001',47,'P',2022,3,14,0,'2022-04-10 23:46:58','2022-04-10 23:46:58'),(18,2,3,15000,19,802108,'11001',47,'P',2022,3,14,0,'2022-04-10 23:47:36','2022-04-10 23:47:36'),(19,3,1,12000,10,802108,'11001',47,'P',2022,3,14,0,'2022-04-10 23:47:36','2022-04-10 23:47:36'),(20,2,1,15000,19,802108,'11001',45,'P',2022,7,25,0,'2022-04-11 00:13:40','2022-04-11 00:13:40'),(21,3,2,12000,10,802108,'11001',45,'P',2022,7,25,0,'2022-04-11 00:13:40','2022-04-11 00:13:40'),(22,2,1,15000,19,802108,'11001',45,'P',2022,7,25,0,'2022-04-11 00:14:37','2022-04-11 00:14:37'),(23,3,2,12000,10,802108,'11001',45,'P',2022,7,25,0,'2022-04-11 00:14:37','2022-04-11 00:14:37'),(24,2,1,15000,19,802108,'11001',45,'P',2022,7,25,0,'2022-04-11 00:17:33','2022-04-11 00:17:33'),(25,3,2,12000,10,802108,'11001',45,'P',2022,7,25,0,'2022-04-11 00:17:33','2022-04-11 00:17:33'),(26,2,1,15000,19,802108,'11001',45,'P',2022,7,25,0,'2022-04-11 00:19:27','2022-04-11 00:19:27'),(27,3,2,12000,10,802108,'11001',45,'P',2022,7,25,0,'2022-04-11 00:19:27','2022-04-11 00:19:27'),(28,2,1,15000,19,802108,'11001',45,'P',2022,7,25,0,'2022-04-11 00:20:20','2022-04-11 00:20:20'),(29,3,2,12000,10,802108,'11001',45,'P',2022,7,25,0,'2022-04-11 00:20:20','2022-04-11 00:20:20'),(30,2,1,15000,19,802108,'11001',45,'P',2022,7,25,0,'2022-04-11 00:21:47','2022-04-11 00:21:47'),(31,3,2,12000,10,802108,'11001',45,'P',2022,7,25,0,'2022-04-11 00:21:47','2022-04-11 00:21:47'),(32,2,1,15000,19,802108,'11001',45,'P',2022,7,25,0,'2022-04-11 00:24:18','2022-04-11 00:24:18'),(33,3,2,12000,10,802108,'11001',45,'P',2022,7,25,0,'2022-04-11 00:24:18','2022-04-11 00:24:18'),(34,2,1,15000,19,802108,'11001',45,'P',2022,7,25,0,'2022-04-11 00:26:44','2022-04-11 00:26:44'),(35,3,2,12000,10,802108,'11001',45,'P',2022,7,25,0,'2022-04-11 00:26:44','2022-04-11 00:26:44'),(36,2,1,15000,19,802108,'11001',45,'P',2022,7,25,0,'2022-04-11 00:31:18','2022-04-11 00:31:18'),(37,3,2,12000,10,802108,'11001',45,'P',2022,7,25,0,'2022-04-11 00:31:18','2022-04-11 00:31:18'),(38,2,1,15000,19,802108,'11001',45,'P',2022,7,25,0,'2022-04-11 00:34:23','2022-04-11 00:34:23'),(39,3,2,12000,10,802108,'11001',45,'P',2022,7,25,0,'2022-04-11 00:34:23','2022-04-11 00:34:23'),(40,2,1,15000,19,802108,'11001',45,'P',2022,7,25,0,'2022-04-11 00:35:29','2022-04-11 00:35:29'),(41,3,2,12000,10,802108,'11001',45,'P',2022,7,25,0,'2022-04-11 00:35:29','2022-04-11 00:35:29'),(43,5,1,8000,19,1203456712,'25754',14,'P',2022,4,8,0,'2022-04-11 00:38:53','2022-04-11 00:38:53'),(44,8,22,7500,19,657948574,'11001',37,'P',2019,7,22,0,'2022-04-13 00:37:31','2022-04-13 00:37:31'),(45,9,22,21800,19,752091406,'2506',35,'P',2021,1,25,0,'2022-04-13 00:37:31','2022-04-13 00:37:31'),(46,5,24,8000,19,537773283,'2506',60,'P',2019,11,26,0,'2022-04-13 00:37:55','2022-04-13 00:37:55'),(47,5,10,8000,19,402662222,'11001',64,'P',2019,10,4,0,'2022-04-13 00:37:55','2022-04-13 00:37:55'),(48,10,16,32000,19,237781657,'2506',48,'P',2017,6,16,0,'2022-04-13 00:37:55','2022-04-13 00:37:55'),(49,2,1,15000,19,1203456712,'25754',1,'P',2021,10,18,0,'2022-04-13 00:37:55','2022-04-13 00:37:55'),(50,7,7,10000,19,709992902,'2554',95,'P',2017,7,17,0,'2022-04-13 00:37:55','2022-04-13 00:37:55'),(51,8,2,7500,19,282624156,'25754',87,'P',2022,9,2,0,'2022-04-13 00:37:55','2022-04-13 00:37:55'),(52,3,25,12000,19,709992902,'2554',95,'P',2021,8,23,0,'2022-04-13 00:37:55','2022-04-13 00:37:55'),(53,10,25,32000,19,770175384,'2554',14,'P',2021,0,27,0,'2022-04-13 00:37:55','2022-04-13 00:37:55'),(54,8,13,7500,19,1020120987,'11001',11,'P',2021,3,13,0,'2022-04-13 00:37:55','2022-04-13 00:37:55'),(55,8,23,7500,19,282624156,'25754',36,'P',2022,7,24,0,'2022-04-13 00:37:55','2022-04-13 00:37:55'),(56,9,15,21800,19,963804023,'25754',45,'P',2020,0,8,0,'2022-04-13 00:37:55','2022-04-13 00:37:55'),(57,9,20,21800,19,402662222,'11001',66,'P',2019,3,18,0,'2022-04-13 00:37:55','2022-04-13 00:37:55'),(58,9,13,21800,19,402662222,'11001',109,'P',2017,2,26,0,'2022-04-13 00:37:55','2022-04-13 00:37:55'),(59,7,17,10000,19,155029601,'5001',88,'P',2018,10,26,0,'2022-04-13 00:37:55','2022-04-13 00:37:55'),(60,5,16,8000,19,802108,'11001',70,'P',2019,3,3,0,'2022-04-13 00:37:55','2022-04-13 00:37:55'),(61,9,20,21800,19,802108,'11001',59,'P',2019,11,15,0,'2022-04-13 00:37:55','2022-04-13 00:37:55'),(62,10,7,32000,19,537773283,'2506',58,'P',2022,0,20,0,'2022-04-13 00:37:55','2022-04-13 00:37:55'),(63,3,16,12000,19,802108,'11001',73,'P',2020,7,27,0,'2022-04-13 00:37:55','2022-04-13 00:37:55'),(64,9,7,21800,19,537773283,'2506',82,'P',2022,9,11,0,'2022-04-13 00:37:55','2022-04-13 00:37:55'),(65,6,11,9000,19,1110012838,'5001',72,'P',2017,8,4,0,'2022-04-13 00:37:55','2022-04-13 00:37:55'),(66,10,19,32000,19,237781657,'2506',44,'P',2022,8,8,0,'2022-04-13 00:37:55','2022-04-13 00:37:55'),(67,10,14,32000,19,402662222,'11001',21,'P',2020,3,4,0,'2022-04-13 00:37:55','2022-04-13 00:37:55'),(68,2,13,15000,19,402662222,'11001',21,'P',2022,6,16,0,'2022-04-13 00:37:55','2022-04-13 00:37:55'),(69,6,25,9000,19,245984322,'5001',98,'P',2019,10,0,0,'2022-04-13 00:37:55','2022-04-13 00:37:55'),(70,9,15,21800,19,1110012838,'5001',33,'P',2021,3,5,0,'2022-04-13 00:37:55','2022-04-13 00:37:55'),(71,7,9,10000,19,402662222,'11001',109,'P',2019,10,9,0,'2022-04-13 00:37:55','2022-04-13 00:37:55'),(72,2,12,15000,19,770175384,'2554',80,'P',2017,9,6,0,'2022-04-13 00:37:55','2022-04-13 00:37:55'),(73,6,13,9000,19,443775301,'5001',23,'P',2022,5,2,0,'2022-04-13 00:37:55','2022-04-13 00:37:55'),(74,7,8,10000,19,237781657,'2506',44,'P',2019,7,8,0,'2022-04-13 00:37:55','2022-04-13 00:37:55'),(75,7,3,10000,19,657948574,'11001',86,'P',2017,1,24,0,'2022-04-13 00:37:55','2022-04-13 00:37:55'),(76,7,3,10000,19,184003822,'2506',41,'P',2018,9,16,0,'2022-04-13 00:37:55','2022-04-13 00:37:55'),(77,10,17,32000,19,282624156,'25754',22,'P',2022,9,25,0,'2022-04-13 00:37:55','2022-04-13 00:37:55'),(78,3,3,12000,19,709992902,'2554',95,'P',2021,3,8,0,'2022-04-13 00:37:55','2022-04-13 00:37:55'),(79,6,10,9000,19,443775301,'5001',112,'P',2017,9,18,0,'2022-04-13 00:37:55','2022-04-13 00:37:55'),(80,8,12,7500,19,155029601,'5001',9,'P',2017,11,15,0,'2022-04-13 00:37:55','2022-04-13 00:37:55'),(81,5,14,8000,19,402662222,'11001',105,'P',2017,10,24,0,'2022-04-13 00:37:55','2022-04-13 00:37:55'),(82,6,8,9000,19,1110012838,'5001',13,'P',2020,8,12,0,'2022-04-13 00:37:55','2022-04-13 00:37:55'),(83,3,19,12000,19,802108,'11001',59,'P',2018,8,20,0,'2022-04-13 00:37:55','2022-04-13 00:37:55'),(84,2,19,15000,19,963804023,'25754',45,'P',2018,8,21,0,'2022-04-13 00:37:55','2022-04-13 00:37:55'),(85,5,25,8000,19,709992902,'2554',78,'P',2021,0,12,0,'2022-04-13 00:37:55','2022-04-13 00:37:55'),(86,3,9,12000,19,222377127,'11001',69,'P',2017,3,3,0,'2022-04-13 00:37:55','2022-04-13 00:37:55'),(87,9,20,21800,19,184003822,'2506',116,'P',2021,0,24,0,'2022-04-13 00:37:55','2022-04-13 00:37:55'),(88,3,19,12000,19,282624156,'25754',51,'P',2018,3,26,0,'2022-04-13 00:37:55','2022-04-13 00:37:55'),(89,2,22,15000,19,770175384,'2554',14,'P',2019,11,20,0,'2022-04-13 00:37:55','2022-04-13 00:37:55'),(90,10,4,32000,19,155029601,'5001',42,'P',2018,4,18,0,'2022-04-13 00:37:55','2022-04-13 00:37:55'),(91,6,25,9000,19,742183751,'25754',71,'P',2020,11,21,0,'2022-04-13 00:37:55','2022-04-13 00:37:55'),(92,10,8,32000,19,1093391493,'11001',3,'P',2019,0,5,0,'2022-04-13 00:37:55','2022-04-13 00:37:55'),(93,9,15,21800,19,237781657,'2506',48,'P',2017,10,1,0,'2022-04-13 00:37:55','2022-04-13 00:37:55'),(94,10,15,32000,19,1110012838,'5001',33,'P',2017,8,14,0,'2022-04-13 00:37:55','2022-04-13 00:37:55'),(95,10,11,32000,19,402662222,'11001',57,'P',2019,0,15,0,'2022-04-13 00:37:55','2022-04-13 00:37:55'),(96,10,23,32000,19,402662222,'11001',66,'P',2017,3,9,0,'2022-04-13 00:37:55','2022-04-13 00:37:55'),(97,7,9,10000,19,402662222,'11001',52,'P',2020,3,23,0,'2022-04-13 00:37:55','2022-04-13 00:37:55'),(98,3,2,12000,19,537773283,'2506',75,'P',2017,1,4,0,'2022-04-13 00:37:55','2022-04-13 00:37:55'),(99,6,22,9000,19,537773283,'2506',75,'P',2017,5,8,0,'2022-04-13 00:37:55','2022-04-13 00:37:55'),(100,7,6,10000,19,1052471683,'11001',38,'P',2017,5,5,0,'2022-04-13 00:37:55','2022-04-13 00:37:55'),(101,2,12,15000,19,770175384,'2554',12,'P',2021,5,1,0,'2022-04-13 00:37:55','2022-04-13 00:37:55'),(102,10,22,32000,19,963804023,'25754',45,'P',2017,5,9,0,'2022-04-13 00:37:55','2022-04-13 00:37:55'),(103,6,2,9000,19,282624156,'25754',22,'P',2022,3,3,0,'2022-04-13 00:37:55','2022-04-13 00:37:55'),(104,6,24,9000,19,742183751,'25754',101,'P',2018,10,9,0,'2022-04-13 00:37:55','2022-04-13 00:37:55'),(105,8,12,7500,19,1020120987,'11001',93,'P',2018,9,25,0,'2022-04-13 00:37:55','2022-04-13 00:37:55'),(106,7,22,10000,19,237781657,'2506',63,'P',2017,2,16,0,'2022-04-13 00:37:55','2022-04-13 00:37:55'),(107,5,16,8000,19,1093391493,'11001',3,'P',2018,0,18,0,'2022-04-13 00:37:55','2022-04-13 00:37:55'),(108,3,20,12000,19,282624156,'25754',36,'P',2021,4,7,0,'2022-04-13 00:37:55','2022-04-13 00:37:55'),(109,5,13,8000,19,402662222,'11001',66,'P',2022,0,14,0,'2022-04-13 00:37:55','2022-04-13 00:37:55'),(110,2,1,15000,19,1028643183,'2554',43,'P',2019,1,17,0,'2022-04-13 00:37:55','2022-04-13 00:37:55'),(111,8,21,7500,19,770175384,'2554',12,'P',2020,4,18,0,'2022-04-13 00:37:55','2022-04-13 00:37:55'),(112,2,14,15000,19,1052471683,'11001',27,'P',2017,11,12,0,'2022-04-13 00:37:55','2022-04-13 00:37:55'),(113,9,7,21800,19,237781657,'2506',63,'P',2021,4,1,0,'2022-04-13 00:37:55','2022-04-13 00:37:55'),(114,7,21,10000,19,184003822,'2506',116,'P',2018,0,17,0,'2022-04-13 00:37:55','2022-04-13 00:37:55'),(115,6,17,9000,19,1028643183,'2554',43,'P',2021,11,11,0,'2022-04-13 00:37:55','2022-04-13 00:37:55'),(116,3,8,12000,19,237781657,'2506',44,'P',2020,8,2,0,'2022-04-13 00:37:55','2022-04-13 00:37:55'),(117,9,5,21800,19,742183751,'25754',101,'P',2020,10,27,0,'2022-04-13 00:37:55','2022-04-13 00:37:55'),(118,2,7,15000,19,770175384,'2554',107,'P',2021,0,25,0,'2022-04-13 00:37:55','2022-04-13 00:37:55'),(119,10,1,32000,19,245984322,'5001',31,'P',2021,5,11,0,'2022-04-13 00:37:55','2022-04-13 00:37:55'),(120,3,24,12000,19,184003822,'2506',119,'P',2018,6,12,0,'2022-04-13 00:37:55','2022-04-13 00:37:55'),(121,7,5,10000,19,282624156,'25754',36,'P',2019,1,0,0,'2022-04-13 00:37:55','2022-04-13 00:37:55'),(122,2,16,15000,19,709992902,'2554',95,'P',2020,7,11,0,'2022-04-13 00:37:55','2022-04-13 00:37:55'),(123,8,18,7500,19,237781657,'2506',63,'P',2020,1,12,0,'2022-04-13 00:37:55','2022-04-13 00:37:55'),(124,2,3,15000,19,752091406,'2506',35,'P',2022,9,7,0,'2022-04-13 00:37:55','2022-04-13 00:37:55'),(125,5,8,8000,19,237781657,'2506',5,'P',2018,8,27,0,'2022-04-13 00:37:55','2022-04-13 00:37:55'),(126,3,5,12000,19,155029601,'5001',42,'P',2020,7,21,0,'2022-04-13 00:37:55','2022-04-13 00:37:55'),(127,3,11,12000,19,402662222,'11001',66,'P',2021,7,6,0,'2022-04-13 00:37:55','2022-04-13 00:37:55'),(128,3,11,12000,19,1203456712,'25754',1,'P',2021,8,23,0,'2022-04-13 00:37:55','2022-04-13 00:37:55'),(129,5,18,8000,19,402662222,'11001',57,'P',2020,7,21,0,'2022-04-13 00:37:55','2022-04-13 00:37:55'),(130,8,2,7500,19,155029601,'5001',88,'P',2020,4,21,0,'2022-04-13 00:37:55','2022-04-13 00:37:55'),(131,2,25,15000,19,1020120987,'11001',11,'P',2021,0,9,0,'2022-04-13 00:37:55','2022-04-13 00:37:55'),(132,7,25,10000,19,282624156,'25754',22,'P',2020,10,7,0,'2022-04-13 00:37:55','2022-04-13 00:37:55'),(133,10,10,32000,19,222377127,'11001',68,'P',2022,9,16,0,'2022-04-13 00:37:55','2022-04-13 00:37:55'),(134,10,3,32000,19,282624156,'25754',51,'P',2022,4,23,0,'2022-04-13 00:37:55','2022-04-13 00:37:55'),(135,8,8,7500,19,56351455,'2506',91,'P',2017,6,8,0,'2022-04-13 00:37:55','2022-04-13 00:37:55'),(136,2,10,15000,19,184003822,'2506',29,'P',2017,0,15,0,'2022-04-13 00:37:55','2022-04-13 00:37:55'),(137,8,17,7500,19,282624156,'25754',51,'P',2022,6,27,0,'2022-04-13 00:37:55','2022-04-13 00:37:55'),(138,9,5,21800,19,1028643183,'2554',43,'P',2021,0,16,0,'2022-04-13 00:37:55','2022-04-13 00:37:55'),(139,8,18,7500,19,402662222,'11001',53,'P',2019,11,19,0,'2022-04-13 00:37:55','2022-04-13 00:37:55'),(140,5,16,8000,19,770175384,'2554',80,'P',2021,5,5,0,'2022-04-13 00:37:55','2022-04-13 00:37:55'),(141,9,19,21800,19,1093391493,'11001',3,'P',2019,4,0,0,'2022-04-13 00:37:55','2022-04-13 00:37:55'),(142,8,3,7500,19,709992902,'2554',79,'P',2018,11,16,0,'2022-04-13 00:37:55','2022-04-13 00:37:55'),(143,7,23,10000,19,184003822,'2506',116,'P',2021,10,12,0,'2022-04-13 00:37:55','2022-04-13 00:37:55'),(144,2,24,15000,19,537773283,'2506',60,'P',2020,6,19,0,'2022-04-13 00:37:55','2022-04-13 00:37:55'),(145,5,15,8000,19,709992902,'2554',78,'P',2018,6,24,0,'2022-04-13 00:37:55','2022-04-13 00:37:55'),(146,10,22,32000,19,155029601,'5001',42,'P',2017,9,24,0,'2022-04-13 00:37:55','2022-04-13 00:37:55'),(147,10,14,32000,19,752091406,'2506',35,'P',2017,1,14,0,'2022-04-13 00:37:55','2022-04-13 00:37:55'),(148,7,7,10000,19,742183751,'25754',101,'P',2018,1,2,0,'2022-04-13 00:37:55','2022-04-13 00:37:55'),(149,3,12,12000,19,657948574,'11001',6,'P',2022,9,10,0,'2022-04-13 00:37:55','2022-04-13 00:37:55'),(150,3,12,12000,19,1203456712,'25754',108,'P',2017,7,2,0,'2022-04-13 00:37:55','2022-04-13 00:37:55'),(151,3,4,12000,19,709992902,'2554',84,'P',2018,4,12,0,'2022-04-13 00:37:55','2022-04-13 00:37:55'),(152,6,10,9000,19,537773283,'2506',58,'P',2019,4,26,0,'2022-04-13 00:37:55','2022-04-13 00:37:55'),(153,8,22,7500,19,1020120987,'11001',113,'P',2021,3,6,0,'2022-04-13 00:37:55','2022-04-13 00:37:55'),(154,8,18,7500,19,802108,'11001',73,'P',2018,3,12,0,'2022-04-13 00:37:55','2022-04-13 00:37:55'),(155,6,18,9000,19,1093391493,'11001',67,'P',2018,7,0,0,'2022-04-13 00:37:55','2022-04-13 00:37:55'),(156,2,18,15000,19,657948574,'11001',117,'P',2017,9,2,0,'2022-04-13 00:37:55','2022-04-13 00:37:55'),(157,7,22,10000,19,56351455,'2506',120,'P',2020,8,12,0,'2022-04-13 00:37:55','2022-04-13 00:37:55'),(158,3,14,12000,19,184003822,'2506',41,'P',2017,4,0,0,'2022-04-13 00:37:55','2022-04-13 00:37:55'),(159,3,12,12000,19,752091406,'2506',35,'P',2022,3,4,0,'2022-04-13 00:37:55','2022-04-13 00:37:55'),(160,2,5,15000,19,443775301,'5001',15,'P',2019,1,26,0,'2022-04-13 00:37:55','2022-04-13 00:37:55'),(161,10,22,32000,19,1052471683,'11001',94,'P',2017,10,18,0,'2022-04-13 00:37:55','2022-04-13 00:37:55'),(162,2,4,15000,19,1020120987,'11001',113,'P',2020,8,1,0,'2022-04-13 00:37:55','2022-04-13 00:37:55'),(163,8,22,7500,19,1020120987,'11001',93,'P',2017,1,10,0,'2022-04-13 00:37:55','2022-04-13 00:37:55'),(164,10,18,32000,19,184003822,'2506',32,'P',2022,0,5,0,'2022-04-13 00:37:55','2022-04-13 00:37:55'),(165,2,2,15000,19,155029601,'5001',9,'P',2019,1,8,0,'2022-04-13 00:37:55','2022-04-13 00:37:55'),(166,6,22,9000,19,402662222,'11001',66,'P',2022,7,20,0,'2022-04-13 00:37:55','2022-04-13 00:37:55'),(167,10,14,32000,19,1110012838,'5001',2,'P',2021,3,26,0,'2022-04-13 00:37:55','2022-04-13 00:37:55'),(168,2,16,15000,19,770175384,'2554',107,'P',2021,11,6,0,'2022-04-13 00:37:55','2022-04-13 00:37:55'),(169,2,12,15000,19,657948574,'11001',100,'P',2019,2,7,0,'2022-04-13 00:37:55','2022-04-13 00:37:55'),(170,7,2,10000,19,657948574,'11001',47,'P',2022,1,21,0,'2022-04-13 00:37:55','2022-04-13 00:37:55'),(171,3,23,12000,19,1052471683,'11001',81,'P',2022,11,20,0,'2022-04-13 00:37:55','2022-04-13 00:37:55'),(172,10,18,32000,19,1052471683,'11001',38,'P',2018,11,12,0,'2022-04-13 00:37:55','2022-04-13 00:37:55'),(173,6,2,9000,19,1093391493,'11001',67,'P',2020,9,10,0,'2022-04-13 00:37:55','2022-04-13 00:37:55'),(174,3,14,12000,19,402662222,'11001',105,'P',2022,5,15,0,'2022-04-13 00:37:55','2022-04-13 00:37:55'),(175,9,8,21800,19,752091406,'2506',110,'P',2019,2,24,0,'2022-04-13 00:37:55','2022-04-13 00:37:55'),(176,6,10,9000,19,237781657,'2506',48,'P',2018,9,23,0,'2022-04-13 00:37:55','2022-04-13 00:37:55'),(177,7,10,10000,19,1052471683,'11001',30,'P',2019,0,9,0,'2022-04-13 00:37:55','2022-04-13 00:37:55'),(178,10,21,32000,19,802108,'11001',70,'P',2017,7,22,0,'2022-04-13 00:37:55','2022-04-13 00:37:55'),(179,2,8,15000,19,709992902,'2554',95,'P',2018,1,14,0,'2022-04-13 00:37:55','2022-04-13 00:37:55'),(180,2,10,15000,19,709992902,'2554',84,'P',2022,5,7,0,'2022-04-13 00:37:55','2022-04-13 00:37:55'),(181,10,2,32000,19,155029601,'5001',65,'P',2020,0,24,0,'2022-04-13 00:37:55','2022-04-13 00:37:55'),(182,7,3,10000,19,709992902,'2554',79,'P',2022,4,24,0,'2022-04-13 00:37:55','2022-04-13 00:37:55'),(183,10,12,32000,19,443775301,'5001',112,'P',2020,2,24,0,'2022-04-13 00:37:55','2022-04-13 00:37:55'),(184,8,15,7500,19,1110012838,'5001',33,'P',2017,0,0,0,'2022-04-13 00:37:55','2022-04-13 00:37:55'),(185,8,11,7500,19,657948574,'11001',6,'P',2021,6,4,0,'2022-04-13 00:37:55','2022-04-13 00:37:55'),(186,9,17,21800,19,963804023,'25754',10,'P',2021,6,22,0,'2022-04-13 00:37:55','2022-04-13 00:37:55'),(187,10,16,32000,19,222377127,'11001',68,'P',2021,8,24,0,'2022-04-13 00:37:55','2022-04-13 00:37:55'),(188,8,22,7500,19,1052471683,'11001',27,'P',2019,8,0,0,'2022-04-13 00:37:55','2022-04-13 00:37:55'),(189,6,2,9000,19,802108,'11001',70,'P',2018,8,10,0,'2022-04-13 00:37:55','2022-04-13 00:37:55'),(190,7,24,10000,19,1028643183,'2554',20,'P',2020,9,17,0,'2022-04-13 00:37:55','2022-04-13 00:37:55'),(191,9,18,21800,19,184003822,'2506',54,'P',2022,4,20,0,'2022-04-13 00:37:55','2022-04-13 00:37:55'),(192,10,6,32000,19,184003822,'2506',41,'P',2020,11,17,0,'2022-04-13 00:37:55','2022-04-13 00:37:55'),(193,9,10,21800,19,1052471683,'11001',30,'P',2018,5,25,0,'2022-04-13 00:37:55','2022-04-13 00:37:55'),(194,2,1,15000,19,245984322,'5001',34,'P',2019,6,0,0,'2022-04-13 00:37:55','2022-04-13 00:37:55'),(195,7,12,10000,19,1020120987,'11001',40,'P',2021,3,1,0,'2022-04-13 00:37:55','2022-04-13 00:37:55'),(196,6,10,9000,19,1203456712,'25754',1,'P',2019,8,3,0,'2022-04-13 00:37:55','2022-04-13 00:37:55'),(197,2,22,15000,19,657948574,'11001',6,'P',2019,0,20,0,'2022-04-13 00:37:55','2022-04-13 00:37:55'),(198,7,21,10000,19,1110012838,'5001',33,'P',2018,10,12,0,'2022-04-13 00:37:55','2022-04-13 00:37:55'),(199,8,16,7500,19,237781657,'2506',63,'P',2021,1,24,0,'2022-04-13 00:37:55','2022-04-13 00:37:55'),(200,6,13,9000,19,1093391493,'11001',3,'P',2017,0,20,0,'2022-04-13 00:37:55','2022-04-13 00:37:55'),(201,8,19,7500,19,443775301,'5001',15,'P',2018,10,0,0,'2022-04-13 00:37:55','2022-04-13 00:37:55'),(202,3,17,12000,19,1203456712,'25754',102,'P',2017,4,14,0,'2022-04-13 00:37:55','2022-04-13 00:37:55'),(203,2,13,15000,19,282624156,'25754',22,'P',2018,10,18,0,'2022-04-13 00:37:55','2022-04-13 00:37:55'),(204,3,3,12000,19,770175384,'2554',14,'P',2018,11,26,0,'2022-04-13 00:37:55','2022-04-13 00:37:55'),(205,7,16,10000,19,184003822,'2506',54,'P',2022,0,9,0,'2022-04-13 00:37:55','2022-04-13 00:37:55'),(206,6,16,9000,19,770175384,'2554',80,'P',2022,2,25,0,'2022-04-13 00:37:55','2022-04-13 00:37:55'),(207,7,8,10000,19,657948574,'11001',100,'P',2017,2,2,0,'2022-04-13 00:37:55','2022-04-13 00:37:55'),(208,7,25,10000,19,443775301,'5001',23,'P',2022,5,19,0,'2022-04-13 00:37:55','2022-04-13 00:37:55'),(209,9,12,21800,19,184003822,'2506',116,'P',2017,0,6,0,'2022-04-13 00:37:55','2022-04-13 00:37:55'),(210,9,1,21800,19,237781657,'2506',44,'P',2019,2,21,0,'2022-04-13 00:37:55','2022-04-13 00:37:55'),(211,3,24,12000,19,770175384,'2554',39,'P',2020,2,18,0,'2022-04-13 00:37:55','2022-04-13 00:37:55'),(212,2,7,15000,19,402662222,'11001',53,'P',2018,5,1,0,'2022-04-13 00:37:55','2022-04-13 00:37:55'),(213,5,23,8000,19,402662222,'11001',57,'P',2020,8,10,0,'2022-04-13 00:37:55','2022-04-13 00:37:55'),(214,6,11,9000,19,237781657,'2506',5,'P',2022,8,3,0,'2022-04-13 00:37:55','2022-04-13 00:37:55'),(215,8,25,7500,19,752091406,'2506',110,'P',2018,8,19,0,'2022-04-13 00:37:55','2022-04-13 00:37:55'),(216,9,6,21800,19,657948574,'11001',37,'P',2019,3,10,0,'2022-04-13 00:37:55','2022-04-13 00:37:55'),(217,10,11,32000,19,537773283,'2506',58,'P',2020,5,12,0,'2022-04-13 00:37:55','2022-04-13 00:37:55'),(218,6,17,9000,19,1093391493,'11001',67,'P',2019,7,15,0,'2022-04-13 00:37:55','2022-04-13 00:37:55'),(219,3,19,12000,19,770175384,'2554',12,'P',2017,11,26,0,'2022-04-13 00:37:55','2022-04-13 00:37:55'),(220,5,22,8000,19,184003822,'2506',41,'P',2021,1,11,0,'2022-04-13 00:37:55','2022-04-13 00:37:55'),(221,2,23,15000,19,657948574,'11001',37,'P',2019,9,11,0,'2022-04-13 00:37:55','2022-04-13 00:37:55'),(222,3,21,12000,19,184003822,'2506',32,'P',2017,10,24,0,'2022-04-13 00:37:55','2022-04-13 00:37:55'),(223,3,12,12000,19,657948574,'11001',86,'P',2020,9,19,0,'2022-04-13 00:37:55','2022-04-13 00:37:55'),(224,9,2,21800,19,222377127,'11001',4,'P',2018,0,12,0,'2022-04-13 00:37:55','2022-04-13 00:37:55'),(225,9,6,21800,19,1093391493,'11001',3,'P',2020,1,3,0,'2022-04-13 00:37:55','2022-04-13 00:37:55'),(226,3,1,12000,19,963804023,'25754',10,'P',2018,9,20,0,'2022-04-13 00:37:55','2022-04-13 00:37:55'),(227,6,5,9000,19,402662222,'11001',53,'P',2021,3,27,0,'2022-04-13 00:37:55','2022-04-13 00:37:55'),(228,6,11,9000,19,752091406,'2506',7,'P',2022,0,0,0,'2022-04-13 00:37:55','2022-04-13 00:37:55'),(229,8,25,7500,19,709992902,'2554',78,'P',2017,0,16,0,'2022-04-13 00:37:55','2022-04-13 00:37:55'),(230,7,1,10000,19,537773283,'2506',26,'P',2017,3,13,0,'2022-04-13 00:37:55','2022-04-13 00:37:55'),(231,8,4,7500,19,237781657,'2506',48,'P',2018,10,1,0,'2022-04-13 00:37:55','2022-04-13 00:37:55'),(232,2,5,15000,19,56351455,'2506',85,'P',2019,3,10,0,'2022-04-13 00:37:55','2022-04-13 00:37:55'),(233,9,12,21800,19,402662222,'11001',21,'P',2021,8,23,0,'2022-04-13 00:37:55','2022-04-13 00:37:55'),(234,7,15,10000,19,770175384,'2554',39,'P',2022,7,27,0,'2022-04-13 00:37:55','2022-04-13 00:37:55'),(235,9,7,21800,19,537773283,'2506',82,'P',2019,6,2,0,'2022-04-13 00:37:55','2022-04-13 00:37:55'),(236,8,2,7500,19,770175384,'2554',14,'P',2022,1,11,0,'2022-04-13 00:37:55','2022-04-13 00:37:55'),(237,3,18,12000,19,657948574,'11001',86,'P',2020,10,5,0,'2022-04-13 00:37:55','2022-04-13 00:37:55'),(238,7,17,10000,19,56351455,'2506',114,'P',2019,4,5,0,'2022-04-13 00:37:55','2022-04-13 00:37:55'),(239,5,22,8000,19,1028643183,'2554',16,'P',2020,11,1,0,'2022-04-13 00:37:55','2022-04-13 00:37:55'),(240,8,12,7500,19,1020120987,'11001',93,'P',2022,3,1,0,'2022-04-13 00:37:55','2022-04-13 00:37:55'),(241,2,7,15000,19,802108,'11001',70,'P',2019,9,23,0,'2022-04-13 00:37:55','2022-04-13 00:37:55'),(242,3,3,12000,19,1110012838,'5001',2,'P',2021,10,4,0,'2022-04-13 00:37:55','2022-04-13 00:37:55'),(243,8,11,7500,19,770175384,'2554',8,'P',2022,2,3,0,'2022-04-13 00:37:55','2022-04-13 00:37:55'),(244,6,22,9000,19,802108,'11001',70,'P',2020,3,6,0,'2022-04-13 00:37:55','2022-04-13 00:37:55'),(245,2,24,15000,19,222377127,'11001',74,'P',2019,3,2,0,'2022-04-13 00:37:55','2022-04-13 00:37:55'),(246,6,1,30000,19,802108,'11001',70,'S',2018,8,7,0,'2022-04-13 00:45:28','2022-04-13 00:45:28'),(247,5,1,35000,19,770175384,'2554',107,'S',2022,10,27,0,'2022-04-13 00:45:28','2022-04-13 00:45:28'),(248,7,1,80000,19,443775301,'5001',112,'S',2020,1,22,0,'2022-04-13 00:45:28','2022-04-13 00:45:28'),(249,4,1,10000,19,752091406,'2506',50,'S',2017,5,4,0,'2022-04-13 00:45:28','2022-04-13 00:45:28'),(250,4,2,10000,19,657948574,'11001',18,'S',2021,11,16,0,'2022-04-13 00:45:28','2022-04-13 00:45:28'),(251,3,2,10000,19,402662222,'11001',19,'S',2017,6,18,0,'2022-04-13 00:45:28','2022-04-13 00:45:28'),(252,4,2,10000,19,537773283,'2506',60,'S',2019,5,16,0,'2022-04-13 00:45:28','2022-04-13 00:45:28'),(253,1,1,12000,19,443775301,'5001',23,'S',2018,8,25,0,'2022-04-13 00:45:28','2022-04-13 00:45:28'),(254,7,2,80000,19,443775301,'5001',23,'S',2020,0,8,0,'2022-04-13 00:45:28','2022-04-13 00:45:28'),(255,6,1,30000,19,1110012838,'5001',89,'S',2021,2,11,0,'2022-04-13 00:45:28','2022-04-13 00:45:28'),(256,6,2,30000,19,1110012838,'5001',13,'S',2019,9,16,0,'2022-04-13 00:45:28','2022-04-13 00:45:28'),(257,4,2,10000,19,742183751,'25754',101,'S',2020,11,25,0,'2022-04-13 00:45:28','2022-04-13 00:45:28'),(258,1,2,12000,19,56351455,'2506',85,'S',2020,5,5,0,'2022-04-13 00:45:28','2022-04-13 00:45:28'),(259,4,2,10000,19,537773283,'2506',76,'S',2017,7,11,0,'2022-04-13 00:45:28','2022-04-13 00:45:28'),(260,6,2,30000,19,709992902,'2554',84,'S',2018,9,20,0,'2022-04-13 00:45:28','2022-04-13 00:45:28'),(261,5,2,35000,19,222377127,'11001',74,'S',2020,10,15,0,'2022-04-13 00:45:28','2022-04-13 00:45:28'),(262,2,1,25000,19,245984322,'5001',111,'S',2017,2,27,0,'2022-04-13 00:45:28','2022-04-13 00:45:28'),(263,7,2,80000,19,402662222,'11001',105,'S',2019,5,15,0,'2022-04-13 00:45:28','2022-04-13 00:45:28'),(264,3,2,10000,19,1028643183,'2554',43,'S',2022,3,9,0,'2022-04-13 00:45:28','2022-04-13 00:45:28'),(265,2,2,25000,19,1093391493,'11001',3,'S',2017,0,20,0,'2022-04-13 00:45:28','2022-04-13 00:45:28'),(266,3,2,10000,19,1093391493,'11001',3,'S',2019,11,19,0,'2022-04-13 00:45:28','2022-04-13 00:45:28'),(267,5,2,35000,19,402662222,'11001',53,'S',2017,8,23,0,'2022-04-13 00:45:28','2022-04-13 00:45:28'),(268,2,1,25000,19,282624156,'25754',87,'S',2022,1,19,0,'2022-04-13 00:45:28','2022-04-13 00:45:28'),(269,7,2,80000,19,155029601,'5001',42,'S',2021,6,21,0,'2022-04-13 00:45:28','2022-04-13 00:45:28'),(270,2,2,25000,19,657948574,'11001',37,'S',2022,5,22,0,'2022-04-13 00:45:28','2022-04-13 00:45:28'),(271,3,2,10000,19,443775301,'5001',104,'S',2017,11,7,0,'2022-04-13 00:45:28','2022-04-13 00:45:28'),(272,1,1,12000,19,1052471683,'11001',81,'S',2020,11,13,0,'2022-04-13 00:45:28','2022-04-13 00:45:28'),(273,1,1,12000,19,155029601,'5001',42,'S',2022,0,27,0,'2022-04-13 00:45:28','2022-04-13 00:45:28'),(274,2,2,25000,19,802108,'11001',73,'S',2017,11,20,0,'2022-04-13 00:45:28','2022-04-13 00:45:28'),(275,7,1,80000,19,1028643183,'2554',20,'S',2019,8,13,0,'2022-04-13 00:45:28','2022-04-13 00:45:28'),(276,3,1,10000,19,56351455,'2506',85,'S',2019,11,23,0,'2022-04-13 00:45:28','2022-04-13 00:45:28'),(277,2,1,25000,19,1110012838,'5001',89,'S',2017,0,21,0,'2022-04-13 00:45:28','2022-04-13 00:45:28'),(278,7,1,80000,19,222377127,'11001',4,'S',2022,4,9,0,'2022-04-13 00:45:28','2022-04-13 00:45:28'),(279,6,2,30000,19,1052471683,'11001',94,'S',2021,2,1,0,'2022-04-13 00:45:28','2022-04-13 00:45:28'),(280,7,1,80000,19,1052471683,'11001',94,'S',2019,3,24,0,'2022-04-13 00:45:28','2022-04-13 00:45:28'),(281,6,2,30000,19,1093391493,'11001',3,'S',2019,3,15,0,'2022-04-13 00:45:28','2022-04-13 00:45:28'),(282,7,2,80000,19,1020120987,'11001',40,'S',2018,1,24,0,'2022-04-13 00:45:28','2022-04-13 00:45:28'),(283,3,2,10000,19,237781657,'2506',48,'S',2021,6,23,0,'2022-04-13 00:45:28','2022-04-13 00:45:28'),(284,3,1,10000,19,402662222,'11001',57,'S',2022,11,6,0,'2022-04-13 00:45:28','2022-04-13 00:45:28'),(285,4,2,10000,19,237781657,'2506',63,'S',2021,11,24,0,'2022-04-13 00:45:28','2022-04-13 00:45:28'),(286,4,1,10000,19,402662222,'11001',109,'S',2022,0,9,0,'2022-04-13 00:45:28','2022-04-13 00:45:28'),(287,2,2,25000,19,245984322,'5001',34,'S',2022,8,19,0,'2022-04-13 00:45:28','2022-04-13 00:45:28'),(288,5,2,35000,19,237781657,'2506',48,'S',2017,10,23,0,'2022-04-13 00:45:28','2022-04-13 00:45:28'),(289,4,1,10000,19,1020120987,'11001',93,'S',2022,8,9,0,'2022-04-13 00:45:28','2022-04-13 00:45:28'),(290,6,1,30000,19,56351455,'2506',114,'S',2019,3,4,0,'2022-04-13 00:45:28','2022-04-13 00:45:28'),(291,7,2,80000,19,56351455,'2506',85,'S',2022,3,22,0,'2022-04-13 00:45:28','2022-04-13 00:45:28'),(292,4,2,10000,19,56351455,'2506',91,'S',2018,9,6,0,'2022-04-13 00:45:28','2022-04-13 00:45:28'),(293,5,1,35000,19,770175384,'2554',118,'S',2022,5,18,0,'2022-04-13 00:45:28','2022-04-13 00:45:28'),(294,3,1,10000,19,709992902,'2554',84,'S',2017,3,16,0,'2022-04-13 00:45:28','2022-04-13 00:45:28'),(295,5,2,35000,19,222377127,'11001',69,'S',2021,2,10,0,'2022-04-13 00:45:28','2022-04-13 00:45:28'),(296,2,1,25000,19,222377127,'11001',69,'S',2019,1,26,0,'2022-04-13 00:45:28','2022-04-13 00:45:28'),(297,6,2,30000,19,237781657,'2506',25,'S',2019,7,10,0,'2022-04-13 00:45:28','2022-04-13 00:45:28'),(298,6,1,30000,19,56351455,'2506',96,'S',2018,11,1,0,'2022-04-13 00:45:28','2022-04-13 00:45:28'),(299,3,2,10000,19,245984322,'5001',31,'S',2017,10,6,0,'2022-04-13 00:45:28','2022-04-13 00:45:28'),(300,5,1,35000,19,443775301,'5001',104,'S',2022,2,22,0,'2022-04-13 00:45:28','2022-04-13 00:45:28'),(301,6,1,30000,19,56351455,'2506',96,'S',2020,3,1,0,'2022-04-13 00:45:28','2022-04-13 00:45:28'),(302,6,1,30000,19,709992902,'2554',78,'S',2020,9,26,0,'2022-04-13 00:45:28','2022-04-13 00:45:28'),(303,1,2,12000,19,537773283,'2506',60,'S',2020,2,14,0,'2022-04-13 00:45:28','2022-04-13 00:45:28'),(304,7,2,80000,19,184003822,'2506',116,'S',2017,8,20,0,'2022-04-13 00:45:28','2022-04-13 00:45:28'),(305,7,2,80000,19,657948574,'11001',6,'S',2020,1,17,0,'2022-04-13 00:45:28','2022-04-13 00:45:28'),(306,4,2,10000,19,752091406,'2506',35,'S',2018,10,27,0,'2022-04-13 00:45:28','2022-04-13 00:45:28'),(307,5,2,35000,19,402662222,'11001',57,'S',2020,2,1,0,'2022-04-13 00:45:28','2022-04-13 00:45:28'),(308,4,2,10000,19,56351455,'2506',120,'S',2019,7,13,0,'2022-04-13 00:45:28','2022-04-13 00:45:28'),(309,3,2,10000,19,657948574,'11001',47,'S',2019,11,12,0,'2022-04-13 00:45:28','2022-04-13 00:45:28'),(310,1,2,12000,19,709992902,'2554',78,'S',2018,4,13,0,'2022-04-13 00:45:28','2022-04-13 00:45:28'),(311,7,2,80000,19,963804023,'25754',10,'S',2019,11,2,0,'2022-04-13 00:45:28','2022-04-13 00:45:28'),(312,5,2,35000,19,155029601,'5001',28,'S',2020,8,8,0,'2022-04-13 00:45:28','2022-04-13 00:45:28'),(313,4,1,10000,19,537773283,'2506',58,'S',2020,11,20,0,'2022-04-13 00:45:28','2022-04-13 00:45:28'),(314,1,1,12000,19,155029601,'5001',9,'S',2020,8,16,0,'2022-04-13 00:45:28','2022-04-13 00:45:28'),(315,3,1,10000,19,657948574,'11001',117,'S',2022,7,3,0,'2022-04-13 00:45:28','2022-04-13 00:45:28'),(316,3,1,10000,19,245984322,'5001',49,'S',2017,10,24,0,'2022-04-13 00:45:28','2022-04-13 00:45:28'),(317,1,2,12000,19,709992902,'2554',90,'S',2021,0,13,0,'2022-04-13 00:45:28','2022-04-13 00:45:28'),(318,4,2,10000,19,56351455,'2506',114,'S',2020,1,20,0,'2022-04-13 00:45:28','2022-04-13 00:45:28'),(319,1,1,12000,19,1028643183,'2554',20,'S',2018,6,26,0,'2022-04-13 00:45:28','2022-04-13 00:45:28'),(320,7,1,80000,19,1028643183,'2554',103,'S',2021,9,8,0,'2022-04-13 00:45:28','2022-04-13 00:45:28'),(321,4,2,10000,19,1203456712,'25754',92,'S',2018,7,18,0,'2022-04-13 00:45:28','2022-04-13 00:45:28'),(322,2,2,25000,19,1052471683,'11001',38,'S',2017,8,2,0,'2022-04-13 00:45:28','2022-04-13 00:45:28'),(323,7,1,80000,19,245984322,'5001',111,'S',2021,9,10,0,'2022-04-13 00:45:28','2022-04-13 00:45:28'),(324,1,1,12000,19,770175384,'2554',14,'S',2020,11,24,0,'2022-04-13 00:45:28','2022-04-13 00:45:28'),(325,5,1,35000,19,237781657,'2506',63,'S',2021,3,16,0,'2022-04-13 00:45:28','2022-04-13 00:45:28'),(326,3,1,10000,19,56351455,'2506',114,'S',2018,4,16,0,'2022-04-13 00:45:28','2022-04-13 00:45:28'),(327,3,1,10000,19,657948574,'11001',86,'S',2018,0,7,0,'2022-04-13 00:45:28','2022-04-13 00:45:28'),(328,4,2,10000,19,657948574,'11001',37,'S',2021,2,27,0,'2022-04-13 00:45:28','2022-04-13 00:45:28'),(329,2,2,25000,19,282624156,'25754',36,'S',2020,4,16,0,'2022-04-13 00:45:28','2022-04-13 00:45:28'),(330,1,2,12000,19,1093391493,'11001',67,'S',2021,7,27,0,'2022-04-13 00:45:28','2022-04-13 00:45:28'),(331,6,2,30000,19,770175384,'2554',118,'S',2020,5,13,0,'2022-04-13 00:45:28','2022-04-13 00:45:28'),(332,4,1,10000,19,402662222,'11001',109,'S',2022,7,13,0,'2022-04-13 00:45:28','2022-04-13 00:45:28'),(333,1,1,12000,19,537773283,'2506',26,'S',2017,0,17,0,'2022-04-13 00:45:28','2022-04-13 00:45:28'),(334,4,1,10000,19,402662222,'11001',52,'S',2022,9,23,0,'2022-04-13 00:45:28','2022-04-13 00:45:28'),(335,7,1,80000,19,657948574,'11001',100,'S',2019,6,3,0,'2022-04-13 00:45:28','2022-04-13 00:45:28'),(336,6,2,30000,19,709992902,'2554',95,'S',2017,8,12,0,'2022-04-13 00:45:28','2022-04-13 00:45:28'),(337,3,2,10000,19,770175384,'2554',39,'S',2018,5,16,0,'2022-04-13 00:45:28','2022-04-13 00:45:28'),(338,7,1,80000,19,245984322,'5001',49,'S',2017,0,5,0,'2022-04-13 00:45:28','2022-04-13 00:45:28'),(339,7,2,80000,19,1052471683,'11001',81,'S',2017,6,10,0,'2022-04-13 00:45:28','2022-04-13 00:45:28'),(340,7,2,80000,19,770175384,'2554',12,'S',2021,0,1,0,'2022-04-13 00:45:28','2022-04-13 00:45:28'),(341,6,1,30000,19,709992902,'2554',78,'S',2022,6,15,0,'2022-04-13 00:45:28','2022-04-13 00:45:28'),(342,2,2,25000,19,282624156,'25754',87,'S',2020,8,4,0,'2022-04-13 00:45:28','2022-04-13 00:45:28'),(343,5,1,35000,19,245984322,'5001',111,'S',2021,3,16,0,'2022-04-13 00:45:28','2022-04-13 00:45:28'),(344,5,1,35000,19,742183751,'25754',62,'S',2021,10,18,0,'2022-04-13 00:45:28','2022-04-13 00:45:28'),(345,4,1,10000,19,657948574,'11001',100,'S',2017,3,14,0,'2022-04-13 00:45:28','2022-04-13 00:45:28');
/*!40000 ALTER TABLE `detallepedidos` ENABLE KEYS */;
UNLOCK TABLES;

--
-- Table structure for table `devoluciones`
--

DROP TABLE IF EXISTS `devoluciones`;
/*!40101 SET @saved_cs_client     = @@character_set_client */;
/*!50503 SET character_set_client = utf8mb4 */;
CREATE TABLE `devoluciones` (
  `iddevoluciones` int NOT NULL AUTO_INCREMENT,
  `pedido` int NOT NULL,
  `producto` int NOT NULL,
  `cantidad` int NOT NULL,
  `precio` double NOT NULL,
  `impuesto` double NOT NULL,
  `observaciones` varchar(600) DEFAULT NULL,
  `descuento` double NOT NULL,
  `createdAt` datetime DEFAULT NULL,
  `updatedAt` datetime DEFAULT NULL,
  PRIMARY KEY (`iddevoluciones`)
) ENGINE=InnoDB AUTO_INCREMENT=3 DEFAULT CHARSET=utf8mb4 COLLATE=utf8mb4_0900_ai_ci;
/*!40101 SET character_set_client = @saved_cs_client */;

--
-- Dumping data for table `devoluciones`
--

LOCK TABLES `devoluciones` WRITE;
/*!40000 ALTER TABLE `devoluciones` DISABLE KEYS */;
INSERT INTO `devoluciones` VALUES (1,47,2,3,15000,19,'Mala calidad en costura',0,'2022-04-12 05:40:48','2022-04-12 06:36:32');
/*!40000 ALTER TABLE `devoluciones` ENABLE KEYS */;
UNLOCK TABLES;

--
-- Table structure for table `imagesperfil`
--

DROP TABLE IF EXISTS `imagesperfil`;
/*!40101 SET @saved_cs_client     = @@character_set_client */;
/*!50503 SET character_set_client = utf8mb4 */;
CREATE TABLE `imagesperfil` (
  `usuario` int NOT NULL,
  `nombre` varchar(300) NOT NULL
) ENGINE=InnoDB DEFAULT CHARSET=utf8mb4 COLLATE=utf8mb4_0900_ai_ci;
/*!40101 SET character_set_client = @saved_cs_client */;

--
-- Dumping data for table `imagesperfil`
--

LOCK TABLES `imagesperfil` WRITE;
/*!40000 ALTER TABLE `imagesperfil` DISABLE KEYS */;
INSERT INTO `imagesperfil` VALUES (123456,'1649746496654.jpeg');
/*!40000 ALTER TABLE `imagesperfil` ENABLE KEYS */;
UNLOCK TABLES;

--
-- Table structure for table `ingresosinventario`
--

DROP TABLE IF EXISTS `ingresosinventario`;
/*!40101 SET @saved_cs_client     = @@character_set_client */;
/*!50503 SET character_set_client = utf8mb4 */;
CREATE TABLE `ingresosinventario` (
  `idingresosInventario` int NOT NULL AUTO_INCREMENT,
  `producto` int NOT NULL,
  `cantidad` int NOT NULL,
  `Precio` double NOT NULL,
  `dia` int NOT NULL,
  `mes` int DEFAULT NULL,
  `anio` int DEFAULT NULL,
  PRIMARY KEY (`idingresosInventario`)
) ENGINE=InnoDB AUTO_INCREMENT=10 DEFAULT CHARSET=utf8mb4 COLLATE=utf8mb4_0900_ai_ci;
/*!40101 SET character_set_client = @saved_cs_client */;

--
-- Dumping data for table `ingresosinventario`
--

LOCK TABLES `ingresosinventario` WRITE;
/*!40000 ALTER TABLE `ingresosinventario` DISABLE KEYS */;
INSERT INTO `ingresosinventario` VALUES (2,2,10,11800,7,4,2022),(3,2,2,10000,6,4,2022),(4,2,2,10000,6,4,2022),(5,2,2,10000,6,4,2022),(6,2,3,10000,5,4,2022),(7,3,2,10000,3,4,2022);
/*!40000 ALTER TABLE `ingresosinventario` ENABLE KEYS */;
UNLOCK TABLES;

--
-- Table structure for table `inventario`
--

DROP TABLE IF EXISTS `inventario`;
/*!40101 SET @saved_cs_client     = @@character_set_client */;
/*!50503 SET character_set_client = utf8mb4 */;
CREATE TABLE `inventario` (
  `idInventario` int NOT NULL AUTO_INCREMENT,
  `producto` int NOT NULL,
  `stock` int DEFAULT NULL,
  `stockMin` int DEFAULT NULL,
  `stockMax` int DEFAULT NULL,
  `PrecioVenta` double DEFAULT NULL,
  `impuesto` double DEFAULT '0.19',
  `descuento` double DEFAULT NULL,
  PRIMARY KEY (`idInventario`)
) ENGINE=InnoDB AUTO_INCREMENT=11 DEFAULT CHARSET=utf8mb4 COLLATE=utf8mb4_0900_ai_ci;
/*!40101 SET character_set_client = @saved_cs_client */;

--
-- Dumping data for table `inventario`
--

LOCK TABLES `inventario` WRITE;
/*!40000 ALTER TABLE `inventario` DISABLE KEYS */;
INSERT INTO `inventario` VALUES (3,2,13,1,10,15000,19,0),(4,5,1,1,5,8000,19,0),(5,3,11,1,13,12000,10,0),(6,6,12,1,12,9000,19,0),(7,7,12,1,12,10000,19,0),(8,8,12,1,12,7500,19,0),(9,9,12,1,12,21800,19,0),(10,10,12,1,12,32000,19,0);
/*!40000 ALTER TABLE `inventario` ENABLE KEYS */;
UNLOCK TABLES;

--
-- Table structure for table `mascotas`
--

DROP TABLE IF EXISTS `mascotas`;
/*!40101 SET @saved_cs_client     = @@character_set_client */;
/*!50503 SET character_set_client = utf8mb4 */;
CREATE TABLE `mascotas` (
  `idmascotas` int NOT NULL AUTO_INCREMENT,
  `propietario` int NOT NULL,
  `nombre` varchar(300) NOT NULL,
  `tipo` varchar(100) NOT NULL,
  PRIMARY KEY (`idmascotas`)
) ENGINE=InnoDB AUTO_INCREMENT=8 DEFAULT CHARSET=utf8mb4 COLLATE=utf8mb4_0900_ai_ci;
/*!40101 SET character_set_client = @saved_cs_client */;

--
-- Dumping data for table `mascotas`
--

LOCK TABLES `mascotas` WRITE;
/*!40000 ALTER TABLE `mascotas` DISABLE KEYS */;
INSERT INTO `mascotas` VALUES (2,1203456712,'Clown','Gato'),(3,1020120987,'copito','Perro'),(6,802108,'Gato','Gato'),(7,802108,'Perro','Perro');
/*!40000 ALTER TABLE `mascotas` ENABLE KEYS */;
UNLOCK TABLES;

--
-- Table structure for table `pedidos`
--

DROP TABLE IF EXISTS `pedidos`;
/*!40101 SET @saved_cs_client     = @@character_set_client */;
/*!50503 SET character_set_client = utf8mb4 */;
CREATE TABLE `pedidos` (
  `idpedidos` int NOT NULL AUTO_INCREMENT,
  `cliente` int NOT NULL,
  `direccionEntrega` varchar(450) NOT NULL,
  `ciudad` varchar(200) NOT NULL,
  `observaciones` varchar(600) DEFAULT NULL,
  `dia` int NOT NULL,
  `mes` int NOT NULL,
  `anio` int NOT NULL,
  `createdAt` datetime DEFAULT NULL,
  `updatedAt` datetime DEFAULT NULL,
  PRIMARY KEY (`idpedidos`),
  UNIQUE KEY `idpedidos_UNIQUE` (`idpedidos`)
) ENGINE=InnoDB AUTO_INCREMENT=121 DEFAULT CHARSET=utf8mb4 COLLATE=utf8mb4_0900_ai_ci;
/*!40101 SET character_set_client = @saved_cs_client */;

--
-- Dumping data for table `pedidos`
--

LOCK TABLES `pedidos` WRITE;
/*!40000 ALTER TABLE `pedidos` DISABLE KEYS */;
INSERT INTO `pedidos` VALUES (1,1203456712,'carrera 10 # 21 06','25754','',19,1,2021,'2022-04-12 23:50:26','2022-04-12 23:50:26'),(2,1110012838,'zccuDPM81vI2ZuJaVLBh','5001','',12,10,2021,'2022-04-12 23:50:26','2022-04-12 23:50:26'),(3,1093391493,'vmS3M3JVvGd8Odm6X138','11001','',22,9,2021,'2022-04-12 23:51:30','2022-04-12 23:51:30'),(4,222377127,'cCktPFq5rx8XfdVHC0L6','11001','',4,10,2017,'2022-04-12 23:51:30','2022-04-12 23:51:30'),(5,237781657,'gQbzCyVUwBWvMoXd6xjt','2506','',8,11,2017,'2022-04-12 23:51:30','2022-04-12 23:51:30'),(6,657948574,'TLSDepveH2SaIT7te5Q1','11001','',15,6,2018,'2022-04-12 23:51:30','2022-04-12 23:51:30'),(7,752091406,'ixM776REkX60mz8IE85h','2506','',20,1,2018,'2022-04-12 23:51:30','2022-04-12 23:51:30'),(8,770175384,'j7hNiUofsor8xBx44fAH','2554','',3,10,2018,'2022-04-12 23:51:30','2022-04-12 23:51:30'),(9,155029601,'Ww6Akbga97dCdOraSpRf','5001','',0,1,2017,'2022-04-12 23:51:30','2022-04-12 23:51:30'),(10,963804023,'yJNNAt8OegnSioazwvJQ','25754','',7,2,2021,'2022-04-12 23:51:30','2022-04-12 23:51:30'),(11,1020120987,'carrera 10 # 21 06','11001','',21,4,2017,'2022-04-12 23:51:30','2022-04-12 23:51:30'),(12,770175384,'j7hNiUofsor8xBx44fAH','2554','',2,9,2017,'2022-04-12 23:51:30','2022-04-12 23:51:30'),(13,1110012838,'zccuDPM81vI2ZuJaVLBh','5001','',7,11,2022,'2022-04-12 23:51:30','2022-04-12 23:51:30'),(14,770175384,'j7hNiUofsor8xBx44fAH','2554','',25,2,2018,'2022-04-12 23:51:30','2022-04-12 23:51:30'),(15,443775301,'uQNu3HN9ApezL92BS8EN','5001','',17,0,2020,'2022-04-12 23:51:30','2022-04-12 23:51:30'),(16,1028643183,'RaMcz8UIsxyXq4dhWIjH','2554','',1,8,2022,'2022-04-12 23:51:30','2022-04-12 23:51:30'),(17,742183751,'oCPsroFyL7vtLEk9KicY','25754','',25,10,2017,'2022-04-12 23:51:30','2022-04-12 23:51:30'),(18,657948574,'TLSDepveH2SaIT7te5Q1','11001','',26,0,2019,'2022-04-12 23:51:30','2022-04-12 23:51:30'),(19,402662222,'qmmpjIyj7Wr1L3pFyxic','11001','',12,4,2021,'2022-04-12 23:51:30','2022-04-12 23:51:30'),(20,1028643183,'RaMcz8UIsxyXq4dhWIjH','2554','',5,11,2019,'2022-04-12 23:51:30','2022-04-12 23:51:30'),(21,402662222,'qmmpjIyj7Wr1L3pFyxic','11001','',27,8,2017,'2022-04-12 23:51:30','2022-04-12 23:51:30'),(22,282624156,'LKnXHUwmWuK3TK5u3VCi','25754','',15,1,2021,'2022-04-12 23:51:30','2022-04-12 23:51:30'),(23,443775301,'uQNu3HN9ApezL92BS8EN','5001','',17,2,2020,'2022-04-12 23:51:30','2022-04-12 23:51:30'),(24,802108,'Carrera 10','11001','',19,8,2019,'2022-04-12 23:51:30','2022-04-12 23:51:30'),(25,237781657,'gQbzCyVUwBWvMoXd6xjt','2506','',25,11,2017,'2022-04-12 23:51:30','2022-04-12 23:51:30'),(26,537773283,'vpESFPlEG6P8s2brh5FL','2506','',24,0,2020,'2022-04-12 23:51:30','2022-04-12 23:51:30'),(27,1052471683,'t7nBrPfMsV6PYCQREVIM','11001','',26,11,2017,'2022-04-12 23:51:30','2022-04-12 23:51:30'),(28,155029601,'Ww6Akbga97dCdOraSpRf','5001','',27,0,2019,'2022-04-12 23:51:30','2022-04-12 23:51:30'),(29,184003822,'boHH5IQ4MziynkxB1htD','2506','',2,4,2017,'2022-04-12 23:51:30','2022-04-12 23:51:30'),(30,1052471683,'t7nBrPfMsV6PYCQREVIM','11001','',19,11,2018,'2022-04-12 23:51:30','2022-04-12 23:51:30'),(31,245984322,'60TcrA6ruKYbtrS1F5o8','5001','',27,4,2017,'2022-04-12 23:51:30','2022-04-12 23:51:30'),(32,184003822,'boHH5IQ4MziynkxB1htD','2506','',17,2,2019,'2022-04-12 23:51:30','2022-04-12 23:51:30'),(33,1110012838,'zccuDPM81vI2ZuJaVLBh','5001','',13,5,2022,'2022-04-12 23:51:30','2022-04-12 23:51:30'),(34,245984322,'60TcrA6ruKYbtrS1F5o8','5001','',22,5,2019,'2022-04-12 23:51:30','2022-04-12 23:51:30'),(35,752091406,'ixM776REkX60mz8IE85h','2506','',19,2,2017,'2022-04-12 23:51:30','2022-04-12 23:51:30'),(36,282624156,'LKnXHUwmWuK3TK5u3VCi','25754','',23,4,2020,'2022-04-12 23:51:30','2022-04-12 23:51:30'),(37,657948574,'TLSDepveH2SaIT7te5Q1','11001','',6,0,2021,'2022-04-12 23:51:30','2022-04-12 23:51:30'),(38,1052471683,'t7nBrPfMsV6PYCQREVIM','11001','',26,1,2020,'2022-04-12 23:51:30','2022-04-12 23:51:30'),(39,770175384,'j7hNiUofsor8xBx44fAH','2554','',5,5,2017,'2022-04-12 23:51:30','2022-04-12 23:51:30'),(40,1020120987,'carrera 10 # 21 06','11001','',0,2,2017,'2022-04-12 23:51:30','2022-04-12 23:51:30'),(41,184003822,'boHH5IQ4MziynkxB1htD','2506','',17,6,2022,'2022-04-12 23:51:30','2022-04-12 23:51:30'),(42,155029601,'Ww6Akbga97dCdOraSpRf','5001','',7,6,2021,'2022-04-12 23:51:30','2022-04-12 23:51:30'),(43,1028643183,'RaMcz8UIsxyXq4dhWIjH','2554','',14,10,2020,'2022-04-12 23:51:30','2022-04-12 23:51:30'),(44,237781657,'gQbzCyVUwBWvMoXd6xjt','2506','',17,2,2019,'2022-04-12 23:51:30','2022-04-12 23:51:30'),(45,963804023,'yJNNAt8OegnSioazwvJQ','25754','',3,5,2018,'2022-04-12 23:51:30','2022-04-12 23:51:30'),(46,770175384,'j7hNiUofsor8xBx44fAH','2554','',8,1,2022,'2022-04-12 23:51:30','2022-04-12 23:51:30'),(47,657948574,'TLSDepveH2SaIT7te5Q1','11001','',9,11,2019,'2022-04-12 23:51:30','2022-04-12 23:51:30'),(48,237781657,'gQbzCyVUwBWvMoXd6xjt','2506','',2,3,2020,'2022-04-12 23:51:30','2022-04-12 23:51:30'),(49,245984322,'60TcrA6ruKYbtrS1F5o8','5001','',10,4,2020,'2022-04-12 23:51:30','2022-04-12 23:51:30'),(50,752091406,'ixM776REkX60mz8IE85h','2506','',7,7,2019,'2022-04-12 23:51:30','2022-04-12 23:51:30'),(51,282624156,'LKnXHUwmWuK3TK5u3VCi','25754','',16,11,2019,'2022-04-12 23:51:30','2022-04-12 23:51:30'),(52,402662222,'qmmpjIyj7Wr1L3pFyxic','11001','',19,10,2018,'2022-04-12 23:51:30','2022-04-12 23:51:30'),(53,402662222,'qmmpjIyj7Wr1L3pFyxic','11001','',6,6,2019,'2022-04-12 23:51:30','2022-04-12 23:51:30'),(54,184003822,'boHH5IQ4MziynkxB1htD','2506','',12,1,2021,'2022-04-12 23:51:30','2022-04-12 23:51:30'),(55,752091406,'ixM776REkX60mz8IE85h','2506','',13,3,2022,'2022-04-12 23:51:30','2022-04-12 23:51:30'),(56,802108,'Carrera 10','11001','',2,0,2020,'2022-04-12 23:51:30','2022-04-12 23:51:30'),(57,402662222,'qmmpjIyj7Wr1L3pFyxic','11001','',23,7,2022,'2022-04-12 23:51:30','2022-04-12 23:51:30'),(58,537773283,'vpESFPlEG6P8s2brh5FL','2506','',8,8,2022,'2022-04-12 23:51:30','2022-04-12 23:51:30'),(59,802108,'Carrera 10','11001','',27,9,2017,'2022-04-12 23:51:30','2022-04-12 23:51:30'),(60,537773283,'vpESFPlEG6P8s2brh5FL','2506','',19,4,2020,'2022-04-12 23:51:30','2022-04-12 23:51:30'),(61,222377127,'cCktPFq5rx8XfdVHC0L6','11001','',10,7,2020,'2022-04-12 23:51:30','2022-04-12 23:51:30'),(62,742183751,'oCPsroFyL7vtLEk9KicY','25754','',18,7,2017,'2022-04-12 23:51:30','2022-04-12 23:51:30'),(63,237781657,'gQbzCyVUwBWvMoXd6xjt','2506','',9,0,2021,'2022-04-12 23:51:30','2022-04-12 23:51:30'),(64,402662222,'qmmpjIyj7Wr1L3pFyxic','11001','',6,1,2018,'2022-04-12 23:51:30','2022-04-12 23:51:30'),(65,155029601,'Ww6Akbga97dCdOraSpRf','5001','',16,10,2019,'2022-04-12 23:51:30','2022-04-12 23:51:30'),(66,402662222,'qmmpjIyj7Wr1L3pFyxic','11001','',11,9,2021,'2022-04-12 23:51:30','2022-04-12 23:51:30'),(67,1093391493,'vmS3M3JVvGd8Odm6X138','11001','',21,0,2021,'2022-04-12 23:51:30','2022-04-12 23:51:30'),(68,222377127,'cCktPFq5rx8XfdVHC0L6','11001','',8,9,2019,'2022-04-12 23:51:30','2022-04-12 23:51:30'),(69,222377127,'cCktPFq5rx8XfdVHC0L6','11001','',1,1,2020,'2022-04-12 23:51:30','2022-04-12 23:51:30'),(70,802108,'Carrera 10','11001','',9,2,2018,'2022-04-12 23:51:30','2022-04-12 23:51:30'),(71,742183751,'oCPsroFyL7vtLEk9KicY','25754','',19,2,2021,'2022-04-12 23:51:30','2022-04-12 23:51:30'),(72,1110012838,'zccuDPM81vI2ZuJaVLBh','5001','',23,5,2018,'2022-04-12 23:51:30','2022-04-12 23:51:30'),(73,802108,'Carrera 10','11001','',20,8,2018,'2022-04-12 23:51:30','2022-04-12 23:51:30'),(74,222377127,'cCktPFq5rx8XfdVHC0L6','11001','',18,1,2019,'2022-04-12 23:51:30','2022-04-12 23:51:30'),(75,537773283,'vpESFPlEG6P8s2brh5FL','2506','',4,6,2017,'2022-04-12 23:51:30','2022-04-12 23:51:30'),(76,537773283,'vpESFPlEG6P8s2brh5FL','2506','',15,0,2022,'2022-04-12 23:51:30','2022-04-12 23:51:30'),(77,402662222,'qmmpjIyj7Wr1L3pFyxic','11001','',23,2,2020,'2022-04-12 23:51:30','2022-04-12 23:51:30'),(78,709992902,'rr5zvgXHLXWXO4De5069','2554','',9,5,2022,'2022-04-12 23:51:30','2022-04-12 23:51:30'),(79,709992902,'rr5zvgXHLXWXO4De5069','2554','',23,9,2018,'2022-04-12 23:51:30','2022-04-12 23:51:30'),(80,770175384,'j7hNiUofsor8xBx44fAH','2554','',4,7,2021,'2022-04-12 23:51:30','2022-04-12 23:51:30'),(81,1052471683,'t7nBrPfMsV6PYCQREVIM','11001','',7,0,2017,'2022-04-12 23:51:30','2022-04-12 23:51:30'),(82,537773283,'vpESFPlEG6P8s2brh5FL','2506','',21,11,2022,'2022-04-12 23:51:30','2022-04-12 23:51:30'),(83,657948574,'TLSDepveH2SaIT7te5Q1','11001','',26,9,2020,'2022-04-12 23:51:30','2022-04-12 23:51:30'),(84,709992902,'rr5zvgXHLXWXO4De5069','2554','',13,8,2022,'2022-04-12 23:51:30','2022-04-12 23:51:30'),(85,56351455,'j9EZJl1KfEXNHiFrAifE','2506','',13,2,2020,'2022-04-12 23:51:30','2022-04-12 23:51:30'),(86,657948574,'TLSDepveH2SaIT7te5Q1','11001','',8,0,2020,'2022-04-12 23:51:30','2022-04-12 23:51:30'),(87,282624156,'LKnXHUwmWuK3TK5u3VCi','25754','',24,6,2022,'2022-04-12 23:51:30','2022-04-12 23:51:30'),(88,155029601,'Ww6Akbga97dCdOraSpRf','5001','',19,7,2018,'2022-04-12 23:51:30','2022-04-12 23:51:30'),(89,1110012838,'zccuDPM81vI2ZuJaVLBh','5001','',21,6,2022,'2022-04-12 23:51:30','2022-04-12 23:51:30'),(90,709992902,'rr5zvgXHLXWXO4De5069','2554','',14,9,2018,'2022-04-12 23:51:30','2022-04-12 23:51:30'),(91,56351455,'j9EZJl1KfEXNHiFrAifE','2506','',19,10,2017,'2022-04-12 23:51:30','2022-04-12 23:51:30'),(92,1203456712,'carrera 10 # 21 06','25754','',21,3,2020,'2022-04-12 23:51:30','2022-04-12 23:51:30'),(93,1020120987,'carrera 10 # 21 06','11001','',3,3,2022,'2022-04-12 23:51:30','2022-04-12 23:51:30'),(94,1052471683,'t7nBrPfMsV6PYCQREVIM','11001','',19,11,2017,'2022-04-12 23:51:30','2022-04-12 23:51:30'),(95,709992902,'rr5zvgXHLXWXO4De5069','2554','',6,9,2017,'2022-04-12 23:51:30','2022-04-12 23:51:30'),(96,56351455,'j9EZJl1KfEXNHiFrAifE','2506','',20,4,2021,'2022-04-12 23:51:30','2022-04-12 23:51:30'),(97,1203456712,'carrera 10 # 21 06','25754','',25,3,2019,'2022-04-12 23:51:30','2022-04-12 23:51:30'),(98,245984322,'60TcrA6ruKYbtrS1F5o8','5001','',23,5,2022,'2022-04-12 23:51:30','2022-04-12 23:51:30'),(99,1052471683,'t7nBrPfMsV6PYCQREVIM','11001','',22,3,2017,'2022-04-12 23:51:30','2022-04-12 23:51:30'),(100,657948574,'TLSDepveH2SaIT7te5Q1','11001','',27,1,2020,'2022-04-12 23:51:30','2022-04-12 23:51:30'),(101,742183751,'oCPsroFyL7vtLEk9KicY','25754','',27,9,2017,'2022-04-12 23:51:30','2022-04-12 23:51:30'),(102,1203456712,'carrera 10 # 21 06','25754','',5,7,2021,'2022-04-12 23:51:30','2022-04-12 23:51:30'),(103,1028643183,'RaMcz8UIsxyXq4dhWIjH','2554','',8,6,2021,'2022-04-12 23:51:30','2022-04-12 23:51:30'),(104,443775301,'uQNu3HN9ApezL92BS8EN','5001','',20,1,2022,'2022-04-12 23:51:30','2022-04-12 23:51:30'),(105,402662222,'qmmpjIyj7Wr1L3pFyxic','11001','',1,9,2020,'2022-04-12 23:51:30','2022-04-12 23:51:30'),(106,709992902,'rr5zvgXHLXWXO4De5069','2554','',11,8,2021,'2022-04-12 23:51:30','2022-04-12 23:51:30'),(107,770175384,'j7hNiUofsor8xBx44fAH','2554','',14,10,2020,'2022-04-12 23:51:30','2022-04-12 23:51:30'),(108,1203456712,'carrera 10 # 21 06','25754','',25,3,2019,'2022-04-12 23:51:30','2022-04-12 23:51:30'),(109,402662222,'qmmpjIyj7Wr1L3pFyxic','11001','',1,3,2018,'2022-04-12 23:51:30','2022-04-12 23:51:30'),(110,752091406,'ixM776REkX60mz8IE85h','2506','',13,0,2017,'2022-04-12 23:51:30','2022-04-12 23:51:30'),(111,245984322,'60TcrA6ruKYbtrS1F5o8','5001','',10,4,2022,'2022-04-12 23:51:30','2022-04-12 23:51:30'),(112,443775301,'uQNu3HN9ApezL92BS8EN','5001','',4,5,2021,'2022-04-12 23:51:30','2022-04-12 23:51:30'),(113,1020120987,'carrera 10 # 21 06','11001','',24,1,2017,'2022-04-12 23:51:30','2022-04-12 23:51:30'),(114,56351455,'j9EZJl1KfEXNHiFrAifE','2506','',20,3,2021,'2022-04-12 23:51:30','2022-04-12 23:51:30'),(115,802108,'Carrera 10','11001','',23,2,2021,'2022-04-12 23:51:30','2022-04-12 23:51:30'),(116,184003822,'boHH5IQ4MziynkxB1htD','2506','',27,7,2022,'2022-04-12 23:51:30','2022-04-12 23:51:30'),(117,657948574,'TLSDepveH2SaIT7te5Q1','11001','',12,10,2022,'2022-04-12 23:51:30','2022-04-12 23:51:30'),(118,770175384,'j7hNiUofsor8xBx44fAH','2554','',3,8,2021,'2022-04-12 23:51:30','2022-04-12 23:51:30'),(119,184003822,'boHH5IQ4MziynkxB1htD','2506','',6,2,2019,'2022-04-12 23:51:30','2022-04-12 23:51:30'),(120,56351455,'j9EZJl1KfEXNHiFrAifE','2506','',11,3,2018,'2022-04-12 23:51:30','2022-04-12 23:51:30');
/*!40000 ALTER TABLE `pedidos` ENABLE KEYS */;
UNLOCK TABLES;

--
-- Table structure for table `productos`
--

DROP TABLE IF EXISTS `productos`;
/*!40101 SET @saved_cs_client     = @@character_set_client */;
/*!50503 SET character_set_client = utf8mb4 */;
CREATE TABLE `productos` (
  `idProductos` int NOT NULL AUTO_INCREMENT,
  `producto` varchar(200) NOT NULL,
  `ciudad` varchar(100) NOT NULL,
  `presentacion` varchar(200) DEFAULT NULL,
  `unEmpaque` int DEFAULT NULL,
  `descripcion` varchar(500) DEFAULT NULL,
  PRIMARY KEY (`idProductos`)
) ENGINE=InnoDB AUTO_INCREMENT=11 DEFAULT CHARSET=utf8mb4 COLLATE=utf8mb4_0900_ai_ci;
/*!40101 SET character_set_client = @saved_cs_client */;

--
-- Dumping data for table `productos`
--

LOCK TABLES `productos` WRITE;
/*!40000 ALTER TABLE `productos` DISABLE KEYS */;
INSERT INTO `productos` VALUES (2,'Peluche abeja','11001','Peluche mediano 1 X paquete',1,'Peluche ajeva tamao mediano'),(3,'Hueso perro','11001','Mediano',1,'Hueso para perro tamao mediano'),(5,'Jabon Anti pulgas','11001','Pack X 3 Unidades',3,'Pack X 3 Unidades, anti pulgas para perro y gato'),(6,'Vacuna Antipulgas','11001','Un 20 ml',1,'Vacuna Antipulgas perro'),(7,'Vacuna Desparacitadora','11001','Un X10 ml',1,'Vacuna desparacitadora'),(8,'Galleta premio','11001','Pack X20',20,'Galleta premio'),(9,'Purina Cat Chao','11001','Pack 1 Kilo',1,' Purina Gato'),(10,'Purina Dog Chao','11001','Pack 1 Kilo',1,' Purina Perro');
/*!40000 ALTER TABLE `productos` ENABLE KEYS */;
UNLOCK TABLES;

--
-- Table structure for table `servicios`
--

DROP TABLE IF EXISTS `servicios`;
/*!40101 SET @saved_cs_client     = @@character_set_client */;
/*!50503 SET character_set_client = utf8mb4 */;
CREATE TABLE `servicios` (
  `idServicios` int NOT NULL AUTO_INCREMENT,
  `servicio` varchar(300) NOT NULL,
  `descripcion` varchar(300) NOT NULL,
  `precio` double NOT NULL,
  `impuesto` double DEFAULT NULL,
  `descuento` double DEFAULT NULL,
  PRIMARY KEY (`idServicios`)
) ENGINE=InnoDB AUTO_INCREMENT=8 DEFAULT CHARSET=utf8mb4 COLLATE=utf8mb4_0900_ai_ci;
/*!40101 SET character_set_client = @saved_cs_client */;

--
-- Dumping data for table `servicios`
--

LOCK TABLES `servicios` WRITE;
/*!40000 ALTER TABLE `servicios` DISABLE KEYS */;
INSERT INTO `servicios` VALUES (1,'Corte uas gato','Corte uas gato',12000,19,0),(2,'Peluqueria Perro','Corte de pelo canino',25000,19,0),(3,'Vacunacion Perro','Vacunacion Perro',10000,19,0),(4,'Vacunacion Gato','Vacunacion Gato',10000,19,0),(5,'Parto Canino','Acompaamiento parto',35000,19,0),(6,'Parto Gato','Acompaamiento parto',30000,19,0),(7,'Radiografia Mascota','Radio grafia mascota',80000,19,0);
/*!40000 ALTER TABLE `servicios` ENABLE KEYS */;
UNLOCK TABLES;

--
-- Table structure for table `tipodocumento`
--

DROP TABLE IF EXISTS `tipodocumento`;
/*!40101 SET @saved_cs_client     = @@character_set_client */;
/*!50503 SET character_set_client = utf8mb4 */;
CREATE TABLE `tipodocumento` (
  `idtipoDocumento` int NOT NULL AUTO_INCREMENT,
  `tipoDocumento` varchar(100) NOT NULL,
  PRIMARY KEY (`idtipoDocumento`)
) ENGINE=InnoDB AUTO_INCREMENT=8 DEFAULT CHARSET=utf8mb4 COLLATE=utf8mb4_0900_ai_ci;
/*!40101 SET character_set_client = @saved_cs_client */;

--
-- Dumping data for table `tipodocumento`
--

LOCK TABLES `tipodocumento` WRITE;
/*!40000 ALTER TABLE `tipodocumento` DISABLE KEYS */;
INSERT INTO `tipodocumento` VALUES (1,'C.C.'),(2,'T. I.'),(3,'R.C.'),(4,'C.E.'),(5,'P.T');
/*!40000 ALTER TABLE `tipodocumento` ENABLE KEYS */;
UNLOCK TABLES;

--
-- Table structure for table `usuarios`
--

DROP TABLE IF EXISTS `usuarios`;
/*!40101 SET @saved_cs_client     = @@character_set_client */;
/*!50503 SET character_set_client = utf8mb4 */;
CREATE TABLE `usuarios` (
  `documento` int NOT NULL AUTO_INCREMENT,
  `nombre` varchar(250) NOT NULL,
  `tipoDocumento` int NOT NULL,
  `celular` double NOT NULL,
  `email` varchar(300) NOT NULL,
  `password` varchar(500) NOT NULL,
  `usuario` varchar(80) NOT NULL,
  `activo` int DEFAULT NULL,
  PRIMARY KEY (`documento`),
  KEY `Fk_TipoDocumento_idx` (`tipoDocumento`),
  CONSTRAINT `FKtipoDocumento` FOREIGN KEY (`tipoDocumento`) REFERENCES `tipodocumento` (`idtipoDocumento`)
) ENGINE=InnoDB AUTO_INCREMENT=1 DEFAULT CHARSET=utf8mb4 COLLATE=utf8mb4_0900_ai_ci;
/*!40101 SET character_set_client = @saved_cs_client */;

--
-- Dumping data for table `usuarios`
--

LOCK TABLES `usuarios` WRITE;
/*!40000 ALTER TABLE `usuarios` DISABLE KEYS */;
INSERT INTO `usuarios` VALUES (123456,'Usario administrador',1,3203203203,'userprueba@vetspa.com','$2b$10$irfecTDLhmKWglpOfPwSk.oolSB81/t47Dm1FEKu8Bd2CG9ohkXnG','admin',1);
/*!40000 ALTER TABLE `usuarios` ENABLE KEYS */;
UNLOCK TABLES;

--
-- Temporary view structure for view `v_detallesinv`
--

DROP TABLE IF EXISTS `v_detallesinv`;
/*!50001 DROP VIEW IF EXISTS `v_detallesinv`*/;
SET @saved_cs_client     = @@character_set_client;
/*!50503 SET character_set_client = utf8mb4 */;
/*!50001 CREATE VIEW `v_detallesinv` AS SELECT 
 1 AS `idProductos`,
 1 AS `producto`,
 1 AS `PrecioVenta`,
 1 AS `impuesto`,
 1 AS `descuento`,
 1 AS `stock`*/;
SET character_set_client = @saved_cs_client;

--
-- Temporary view structure for view `ventas`
--

DROP TABLE IF EXISTS `ventas`;
/*!50001 DROP VIEW IF EXISTS `ventas`*/;
SET @saved_cs_client     = @@character_set_client;
/*!50503 SET character_set_client = utf8mb4 */;
/*!50001 CREATE VIEW `ventas` AS SELECT 
 1 AS `pedido`,
 1 AS `detallePedido`,
 1 AS `cliente`,
 1 AS `nombreCliente`,
 1 AS `codCiudad`,
 1 AS `Ciudad`,
 1 AS `tipoProducto`,
 1 AS `producto`,
 1 AS `cantidad`,
 1 AS `precio`,
 1 AS `descuento`,
 1 AS `impuesto`,
 1 AS `subTotal`,
 1 AS `subTotalImpuesto`,
 1 AS `subTotalDescuento`,
 1 AS `Total`,
 1 AS `dia`,
 1 AS `mes`,
 1 AS `anio`*/;
SET character_set_client = @saved_cs_client;

--
-- Final view structure for view `v_detallesinv`
--

/*!50001 DROP VIEW IF EXISTS `v_detallesinv`*/;
/*!50001 SET @saved_cs_client          = @@character_set_client */;
/*!50001 SET @saved_cs_results         = @@character_set_results */;
/*!50001 SET @saved_col_connection     = @@collation_connection */;
/*!50001 SET character_set_client      = utf8mb4 */;
/*!50001 SET character_set_results     = utf8mb4 */;
/*!50001 SET collation_connection      = utf8mb4_0900_ai_ci */;
/*!50001 CREATE ALGORITHM=UNDEFINED */
/*!50013 DEFINER=`sys`@`%` SQL SECURITY DEFINER */
/*!50001 VIEW `v_detallesinv` AS select `p`.`idProductos` AS `idProductos`,`p`.`producto` AS `producto`,`i`.`PrecioVenta` AS `PrecioVenta`,`i`.`impuesto` AS `impuesto`,`i`.`descuento` AS `descuento`,`i`.`stock` AS `stock` from (`productos` `p` join `inventario` `i` on((`i`.`producto` = `p`.`idProductos`))) */;
/*!50001 SET character_set_client      = @saved_cs_client */;
/*!50001 SET character_set_results     = @saved_cs_results */;
/*!50001 SET collation_connection      = @saved_col_connection */;

--
-- Final view structure for view `ventas`
--

/*!50001 DROP VIEW IF EXISTS `ventas`*/;
/*!50001 SET @saved_cs_client          = @@character_set_client */;
/*!50001 SET @saved_cs_results         = @@character_set_results */;
/*!50001 SET @saved_col_connection     = @@collation_connection */;
/*!50001 SET character_set_client      = utf8mb4 */;
/*!50001 SET character_set_results     = utf8mb4 */;
/*!50001 SET collation_connection      = utf8mb4_0900_ai_ci */;
/*!50001 CREATE ALGORITHM=UNDEFINED */
/*!50013 DEFINER=`sys`@`%` SQL SECURITY DEFINER */
/*!50001 VIEW `ventas` AS select `p`.`idpedidos` AS `pedido`,`d`.`iddetallePedido` AS `detallePedido`,`d`.`cliente` AS `cliente`,`c`.`nombre` AS `nombreCliente`,`d`.`ciudad` AS `codCiudad`,`cd`.`Ciudad` AS `Ciudad`,`d`.`tipoProducto` AS `tipoProducto`,(case when (`d`.`tipoProducto` = 'P') then (select `productos`.`producto` from `productos` where (`productos`.`idProductos` = `d`.`producto`) limit 1) else (select `servicios`.`servicio` from `servicios` where (`servicios`.`idServicios` = `d`.`producto`) limit 1) end) AS `producto`,`d`.`cantidad` AS `cantidad`,`d`.`precio` AS `precio`,`d`.`descuento` AS `descuento`,`d`.`impuesto` AS `impuesto`,(`d`.`precio` * `d`.`cantidad`) AS `subTotal`,((`d`.`precio` * `d`.`cantidad`) * (`d`.`impuesto` / 100)) AS `subTotalImpuesto`,((`d`.`precio` * `d`.`cantidad`) * (`d`.`descuento` / 100)) AS `subTotalDescuento`,(((`d`.`precio` * `d`.`cantidad`) + ((`d`.`precio` * `d`.`cantidad`) * (`d`.`impuesto` / 100))) - ((`d`.`precio` * `d`.`cantidad`) * (`d`.`descuento` / 100))) AS `Total`,`d`.`dia` AS `dia`,`d`.`mes` AS `mes`,`d`.`anio` AS `anio` from (((`detallepedidos` `d` join `clientes` `c` on((`c`.`documento` = `d`.`cliente`))) join `pedidos` `p` on((`d`.`pedido` = `p`.`idpedidos`))) join `ciudad` `cd` on((`d`.`ciudad` = `cd`.`codigo`))) group by `p`.`idpedidos`,`d`.`iddetallePedido`,`d`.`cliente` */;
/*!50001 SET character_set_client      = @saved_cs_client */;
/*!50001 SET character_set_results     = @saved_cs_results */;
/*!50001 SET collation_connection      = @saved_col_connection */;
/*!40103 SET TIME_ZONE=@OLD_TIME_ZONE */;

/*!40101 SET SQL_MODE=@OLD_SQL_MODE */;
/*!40014 SET FOREIGN_KEY_CHECKS=@OLD_FOREIGN_KEY_CHECKS */;
/*!40014 SET UNIQUE_CHECKS=@OLD_UNIQUE_CHECKS */;
/*!40101 SET CHARACTER_SET_CLIENT=@OLD_CHARACTER_SET_CLIENT */;
/*!40101 SET CHARACTER_SET_RESULTS=@OLD_CHARACTER_SET_RESULTS */;
/*!40101 SET COLLATION_CONNECTION=@OLD_COLLATION_CONNECTION */;
/*!40111 SET SQL_NOTES=@OLD_SQL_NOTES */;

-- Dump completed on 2022-04-15  3:31:18
